{"random_forest": {"GENDER": 0.008022316505263812, "AGE_END": 0.01751098315136766, "Discoloration_present": 0.0042681971155862745, "Discoloration_severity": 0.004402881250127732, "Discoloration_detail": 0.011748595621326496, "Discoloration_location": 0.003306013517019112, "Pain_present": 0.012805272581981999, "Pain_severity": 0.01984889412498426, "Pain_location": 0.03251075913954399, "Discharge_present": 0.0038813555319716564, "Discharge_severity": 0.0034451671433196763, "Discharge_detail": 0.010475346187908192, "Discharge_location": 0.004985825267471377, "Fever_present": 0.027056270308685584, "Fever_severity": 0.02814022729543102, "Runny_nose_present": 0.0039968931535726135, "Runny_nose_severity": 0.0051115731912069525, "Swelling_present": 0.004511280045056793, "Swelling_severity": 0.0035863119518250654, "Swelling_detail": 0.005094309710850561, "Swelling_location": 0.0006351241735247286, "Vomiting_present": 0.007081180576341995, "Vomiting_severity": 0.010475690029307013, "Altered_appetite_present": 0.00685866966858146, "Altered_appetite_severity": 0.008521125699560633, "Altered_appetite_detail": 0.00812727352996512, "Congestion_present": 0.007836979068060667, "Congestion_severity": 0.009109523726625919, "Congestion_detail": 0.00781180701364597, "Congestion_location": 0.0026199256957946844, "Nausea_present": 0.009076916070317163, "Nausea_severity": 0.009824115561360125, "Flatulence_present": 0.010055063577800203, "Flatulence_severity": 0.016158528533396877, "Bloating_present": 0.007872859745401571, "Bloating_severity": 0.011192063480169023, "Altered_stool_present": 0.005183936432478847, "Altered_stool_severity": 0.0037871011411224264, "Altered_stool_detail": 0.00830303221568601, "Altered_urination_present": 0.005947379910912639, "Altered_urination_severity": 0.00865370077651526, "Altered_urination_detail": 0.022484078819358082, "Tightness_present": 0.005401984190092341, "Tightness_severity": 0.002673949475256227, "Tightness_detail": 0.00420200665913196, "Altered_breathing_present": 0.009272265907794723, "Altered_breathing_severity": 0.014491160398899701, "Altered_breathing_detail": 0.01084420144466965, "Cough_present": 0.006150036132335258, "Cough_severity": 0.004336205604670957, "Regurgitation_present": 0.007908559447504442, "Regurgitation_severity": 0.008887028880987075, "Fever_detail": 0.009828397487434672, "Tenesmus_present": 1.4105740297396399e-05, "Tenesmus_severity": 2.0451787398828927e-05, "Focal_neurological_symptoms_present": 0.001672625506253313, "Focal_neurological_symptoms_severity": 0.001874571996885609, "Seizure_present": 0.006866229027325368, "Seizure_severity": 0.007913838972149655, "Altered_mental_state_present": 0.00767543414554204, "Altered_mental_state_severity": 0.006137149428545881, "Altered_mental_state_detail": 0.00823116504097491, "Stiffness_present": 0.00432438627858715, "Stiffness_severity": 0.006781453914702022, "Stiffness_detail": 0.005198887292984785, "Eruption_present": 0.0008298563717126534, "Eruption_severity": 0.0006402207304740938, "Eruption_detail": 0.0006865011041106835, "Eruption_location": 0.0006580934550239395, "Paresis_Paralysis_present": 0.0009733937870249644, "Paresis_Paralysis_severity": 0.0016150467429896333, "Paresis_Paralysis_detail": 0.00464173891581669, "Urgency_to_urinate_present": 0.007998288067933335, "Urgency_to_urinate_severity": 0.006282495210557286, "Urgency_to_urinate_detail": 0.00669344208445395, "Mass_present": 0.003461268557004315, "Mass_severity": 0.004913671840255101, "Mass_detail": 0.005459372564004784, "Mass_location": 0.004552776374604513, "Skin_retraction_present": 5.796454913235237e-05, "Skin_retraction_severity": 3.82921125662774e-05, "Skin_retraction_detail": 7.358882870520801e-05, "Skin_retraction_location": 4.3647257804163506e-05, "Fatigue_present": 0.012248670908029469, "Fatigue_severity": 0.01235325005152824, "Cough_detail": 0.012372201076799373, "Altered_movement_present": 0.005338369058845829, "Altered_movement_severity": 0.0037532244556772666, "Altered_movement_detail": 0.00577457834270461, "Altered_movement_location": 0.0066934100089285475, "Weakness_present": 0.0040387023039793095, "Weakness_severity": 0.006004031955111704, "Weakness_detail": 0.018152770125519094, "Weakness_location": 0.019095524201004382, "Altered_sensation_present": 0.005791674439535531, "Altered_sensation_severity": 0.00523886681053109, "Altered_sensation_detail": 0.007171571341458675, "Altered_sensation_location": 0.018569623844503357, "Incontinence_present": 7.637458780234702e-05, "Incontinence_severity": 0.00010068400899997747, "Bleeding_present": 0.003387612936488751, "Bleeding_severity": 0.0036083869269243297, "Bleeding_detail": 0.003252784002946668, "Bleeding_location": 0.0027049409328492036, "Altered_weight_present": 0.0017997591963525544, "Altered_weight_severity": 0.0020798044825369576, "Altered_weight_detail": 0.0019899044970661576, "Altered_apettite_present": 0.00012973976355764842, "Altered_apettite_severity": 0.00014697460287921494, "Altered_apettite_detail": 0.00011677267957620321, "Self-diagnosis_present": 0.004137296395751638, "Self-diagnosis_severity": 0.0038898151743684928, "Self-diagnosis_detail": 0.004501015306100881, "Meningitis_symptoms_present": 0.0012023566500340226, "Meningitis_symptoms_severity": 0.0014040869072746438, "Skin_lesion_present": 0.001988657388135219, "Skin_lesion_severity": 0.0032474155399504394, "Skin_lesion_detail": 0.0025025381630048795, "Skin_lesion_location": 0.006783040170881513, "Malaise_present": 0.001082365761196018, "Malaise_severity": 0.0009181736255213187, "Malaise_detail": 0.0006555471273857369, "Lymph_node_enlargement_present": 0.002194214856157979, "Lymph_node_enlargement_severity": 0.0017151723718768568, "Lymph_node_enlargement_detail": 0.001354985125611219, "Lymph_node_enlargement_location": 0.0022175714296051446, "Dyspareunia_present": 0.007908024471413217, "Dyspareunia_severity": 0.008767831219035975, "Odour_present": 4.0930344046687044e-05, "Odour_severity": 3.689722605154507e-05, "Odour_detail": 1.8184406931292127e-05, "Odour_location": 1.914854153822139e-05, "Slow_healing_present": 0.000423099404447414, "Slow_healing_severity": 0.0005201307670632256, "Slow_healing_detail": 0.0004571246045562407, "Dizziness_present": 0.007796658235598513, "Dizziness_severity": 0.01301325983947629, "Dizziness_detail": 0.006698372599707637, "Inflammation_present": 0.0005218214735240703, "Inflammation_severity": 0.00026661548315396784, "Inflammation_detail": 0.0004435092098023606, "Inflammation_location": 0.00030274764615099243, "Altered_cardiac_rhythm_present": 7.476654431884181e-05, "Altered_cardiac_rhythm_severity": 7.856664744112338e-05, "Altered_cardiac_rhythm_detail": 7.294364872871762e-05, "Altered_cardiac_sounds_present": 0.00010625474885998645, "Altered_cardiac_sounds_severity": 9.310920979361807e-05, "Altered_cardiac_sounds_detail": 8.997185949901304e-05, "Alopecia_present": 0.0004154782850170818, "Alopecia_severity": 0.0007058196442095233, "Cough_location": 0.006007591955720919, "Nodule_present": 3.1510029591633963e-06, "Nodule_severity": 2.620276660275729e-06, "Nodule_detail": 2.823632098774522e-06, "Audiophobia_present": 0.003978441131954366, "Audiophobia_severity": 0.002543116380633503, "Photophobia_present": 0.006923915154188963, "Photophobia_severity": 0.00797634219547552, "Altered_vision_present": 6.94758943726397e-05, "Altered_vision_severity": 7.063073267153165e-05, "Altered_vision_detail": 1.8153931419464268e-06, "Aura_present": 1.9717853961976736e-06, "Aura_severity": 4.370176749003844e-06, "Dysphagia_present": 0.0065408749837856306, "Dysphagia_severity": 0.007831946122961887, "Reflux_present": 4.065653947298553e-05, "Reflux_severity": 4.4692291477688846e-05, "Voice_change_present": 2.9459831879282066e-06, "Voice_change_severity": 4.785352276323759e-06, "Voice_change_detail": 6.46548857810177e-06, "Disability_present": 0.0035418945605103346, "Disability_severity": 0.005466543472785586, "Disability_detail": 0.00498154799609785,